feature,importance
total_usage,0.37554907056595815
seats,0.28400893384513837
ticket_count,0.1519223572614656
avg_satisfaction,0.14414321752328266
total_escalations,0.04437642080415526
